Customer_ID,Customer_Name,Gender,Age
C0001,Customer_1,Male,37
C0002,Customer_2,Male,32
C0003,Customer_3,Male,25
C0004,Customer_4,Male,38
C0005,Customer_5,Male,43
C0006,Customer_6,Male,40
C0007,Customer_7,Male,28
C0008,Customer_8,Female,38
C0009,Customer_9,Female,25
C0010,Customer_10,Female,20
C0011,Customer_11,Female,38
C0012,Customer_12,Female,41
C0013,Customer_13,Female,47
C0014,Customer_14,Female,19
C0015,Customer_15,Female,45
C0016,Customer_16,Male,18
C0017,Customer_17,Female,43
C0018,Customer_18,Female,46
C0019,Customer_19,Female,42
C0020,Customer_20,Male,44
C0021,Customer_21,Male,48
C0022,Customer_22,Female,49
C0023,Customer_23,Female,45
C0024,Customer_24,Female,32
C0025,Customer_25,Female,47
C0026,Customer_26,Male,47
C0027,Customer_27,Male,29
C0028,Customer_28,Male,37
C0029,Customer_29,Female,42
C0030,Customer_30,Male,22
C0031,Customer_31,Male,24
C0032,Customer_32,Male,26
C0033,Customer_33,Male,35
C0034,Customer_34,Female,42
C0035,Customer_35,Female,31
C0036,Customer_36,Female,43
C0037,Customer_37,Male,43
C0038,Customer_38,Male,19
C0039,Customer_39,Female,45
C0040,Customer_40,Male,45
C0041,Customer_41,Male,29
C0042,Customer_42,Male,25
C0043,Customer_43,Male,20
C0044,Customer_44,Female,34
C0045,Customer_45,Female,35
C0046,Customer_46,Female,21
C0047,Customer_47,Female,47
C0048,Customer_48,Female,39
C0049,Customer_49,Female,21
C0050,Customer_50,Female,46
C0051,Customer_51,Male,35
C0052,Customer_52,Female,29
C0053,Customer_53,Female,27
C0054,Customer_54,Female,21
C0055,Customer_55,Female,48
C0056,Customer_56,Female,32
C0057,Customer_57,Female,31
C0058,Customer_58,Male,45
C0059,Customer_59,Male,47
C0060,Customer_60,Female,38
C0061,Customer_61,Female,30
C0062,Customer_62,Female,32
C0063,Customer_63,Male,41
C0064,Customer_64,Female,42
C0065,Customer_65,Female,45
C0066,Customer_66,Female,30
C0067,Customer_67,Male,46
C0068,Customer_68,Male,30
C0069,Customer_69,Male,42
C0070,Customer_70,Male,26
C0071,Customer_71,Female,18
C0072,Customer_72,Female,25
C0073,Customer_73,Female,48
C0074,Customer_74,Male,36
C0075,Customer_75,Male,25
C0076,Customer_76,Male,20
C0077,Customer_77,Male,44
C0078,Customer_78,Male,27
C0079,Customer_79,Male,43
C0080,Customer_80,Male,45
C0081,Customer_81,Male,26
C0082,Customer_82,Female,29
C0083,Customer_83,Female,18
C0084,Customer_84,Female,40
C0085,Customer_85,Male,47
C0086,Customer_86,Female,22
C0087,Customer_87,Male,29
C0088,Customer_88,Female,39
C0089,Customer_89,Male,20
C0090,Customer_90,Male,20
C0091,Customer_91,Male,32
C0092,Customer_92,Female,20
C0093,Customer_93,Male,22
C0094,Customer_94,Female,40
C0095,Customer_95,Male,31
C0096,Customer_96,Male,44
C0097,Customer_97,Male,32
C0098,Customer_98,Male,43
C0099,Customer_99,Female,45
C0100,Customer_100,Male,36
C0101,Customer_101,Male,49
C0102,Customer_102,Male,34
C0103,Customer_103,Female,46
C0104,Customer_104,Female,21
C0105,Customer_105,Female,22
C0106,Customer_106,Male,24
C0107,Customer_107,Male,32
C0108,Customer_108,Male,46
C0109,Customer_109,Female,30
C0110,Customer_110,Female,24
C0111,Customer_111,Male,36
C0112,Customer_112,Female,45
C0113,Customer_113,Female,27
C0114,Customer_114,Male,47
C0115,Customer_115,Male,38
C0116,Customer_116,Female,45
C0117,Customer_117,Female,29
C0118,Customer_118,Female,37
C0119,Customer_119,Female,47
C0120,Customer_120,Male,49
C0121,Customer_121,Female,40
C0122,Customer_122,Female,42
C0123,Customer_123,Male,47
C0124,Customer_124,Male,18
C0125,Customer_125,Male,44
C0126,Customer_126,Female,42
C0127,Customer_127,Female,30
C0128,Customer_128,Male,20
C0129,Customer_129,Male,23
C0130,Customer_130,Female,44
C0131,Customer_131,Male,47
C0132,Customer_132,Male,18
C0133,Customer_133,Male,27
C0134,Customer_134,Female,41
C0135,Customer_135,Male,44
C0136,Customer_136,Female,49
C0137,Customer_137,Female,41
C0138,Customer_138,Male,37
C0139,Customer_139,Male,47
C0140,Customer_140,Male,43
C0141,Customer_141,Female,29
C0142,Customer_142,Female,24
C0143,Customer_143,Female,20
C0144,Customer_144,Male,22
C0145,Customer_145,Male,41
C0146,Customer_146,Male,44
C0147,Customer_147,Male,19
C0148,Customer_148,Female,45
C0149,Customer_149,Female,40
C0150,Customer_150,Male,49
C0151,Customer_151,Male,18
C0152,Customer_152,Male,47
C0153,Customer_153,Female,38
C0154,Customer_154,Female,43
C0155,Customer_155,Female,23
C0156,Customer_156,Female,40
C0157,Customer_157,Female,40
C0158,Customer_158,Male,41
C0159,Customer_159,Male,34
C0160,Customer_160,Male,23
C0161,Customer_161,Female,22
C0162,Customer_162,Female,19
C0163,Customer_163,Female,39
C0164,Customer_164,Male,48
C0165,Customer_165,Female,33
C0166,Customer_166,Male,26
C0167,Customer_167,Female,44
C0168,Customer_168,Female,33
C0169,Customer_169,Male,20
C0170,Customer_170,Female,45
C0171,Customer_171,Male,21
C0172,Customer_172,Male,43
C0173,Customer_173,Male,48
C0174,Customer_174,Male,37
C0175,Customer_175,Female,24
C0176,Customer_176,Female,26
C0177,Customer_177,Male,25
C0178,Customer_178,Female,24
C0179,Customer_179,Female,25
C0180,Customer_180,Male,28
C0181,Customer_181,Female,42
C0182,Customer_182,Male,35
C0183,Customer_183,Male,48
C0184,Customer_184,Female,27
C0185,Customer_185,Male,24
C0186,Customer_186,Female,33
C0187,Customer_187,Female,33
C0188,Customer_188,Male,37
C0189,Customer_189,Female,34
C0190,Customer_190,Female,18
C0191,Customer_191,Female,47
C0192,Customer_192,Female,22
C0193,Customer_193,Male,49
C0194,Customer_194,Male,40
C0195,Customer_195,Male,26
C0196,Customer_196,Male,36
C0197,Customer_197,Female,33
C0198,Customer_198,Male,37
C0199,Customer_199,Female,39
C0200,Customer_200,Female,18
C0201,Customer_201,Female,37
C0202,Customer_202,Male,34
C0203,Customer_203,Female,21
C0204,Customer_204,Female,25
C0205,Customer_205,Female,47
C0206,Customer_206,Male,33
C0207,Customer_207,Female,42
C0208,Customer_208,Male,42
C0209,Customer_209,Male,35
C0210,Customer_210,Female,31
C0211,Customer_211,Female,19
C0212,Customer_212,Female,20
C0213,Customer_213,Female,46
C0214,Customer_214,Male,21
C0215,Customer_215,Male,21
C0216,Customer_216,Male,31
C0217,Customer_217,Male,33
C0218,Customer_218,Female,41
C0219,Customer_219,Female,25
C0220,Customer_220,Male,20
C0221,Customer_221,Male,49
C0222,Customer_222,Male,33
C0223,Customer_223,Female,44
C0224,Customer_224,Male,39
C0225,Customer_225,Male,39
C0226,Customer_226,Female,47
C0227,Customer_227,Female,23
C0228,Customer_228,Male,36
C0229,Customer_229,Female,25
C0230,Customer_230,Male,44
C0231,Customer_231,Female,38
C0232,Customer_232,Female,18
C0233,Customer_233,Female,32
C0234,Customer_234,Female,18
C0235,Customer_235,Male,45
C0236,Customer_236,Male,33
C0237,Customer_237,Male,21
C0238,Customer_238,Male,49
C0239,Customer_239,Male,49
C0240,Customer_240,Male,29
C0241,Customer_241,Female,47
C0242,Customer_242,Male,31
C0243,Customer_243,Male,23
C0244,Customer_244,Male,45
C0245,Customer_245,Male,22
C0246,Customer_246,Female,46
C0247,Customer_247,Male,31
C0248,Customer_248,Male,48
C0249,Customer_249,Male,45
C0250,Customer_250,Male,37
C0251,Customer_251,Male,46
C0252,Customer_252,Male,49
C0253,Customer_253,Male,18
C0254,Customer_254,Female,20
C0255,Customer_255,Female,35
C0256,Customer_256,Male,27
C0257,Customer_257,Male,39
C0258,Customer_258,Female,20
C0259,Customer_259,Female,31
C0260,Customer_260,Female,35
C0261,Customer_261,Female,32
C0262,Customer_262,Female,40
C0263,Customer_263,Female,48
C0264,Customer_264,Male,27
C0265,Customer_265,Female,43
C0266,Customer_266,Male,25
C0267,Customer_267,Male,26
C0268,Customer_268,Male,39
C0269,Customer_269,Female,24
C0270,Customer_270,Male,27
C0271,Customer_271,Male,43
C0272,Customer_272,Male,35
C0273,Customer_273,Male,41
C0274,Customer_274,Male,45
C0275,Customer_275,Female,24
C0276,Customer_276,Male,21
C0277,Customer_277,Male,37
C0278,Customer_278,Male,25
C0279,Customer_279,Female,31
C0280,Customer_280,Female,31
C0281,Customer_281,Female,36
C0282,Customer_282,Male,32
C0283,Customer_283,Female,19
C0284,Customer_284,Female,49
C0285,Customer_285,Male,48
C0286,Customer_286,Female,36
C0287,Customer_287,Male,43
C0288,Customer_288,Male,47
C0289,Customer_289,Male,39
C0290,Customer_290,Female,43
C0291,Customer_291,Female,34
C0292,Customer_292,Female,27
C0293,Customer_293,Female,32
C0294,Customer_294,Female,28
C0295,Customer_295,Female,22
C0296,Customer_296,Male,25
C0297,Customer_297,Male,45
C0298,Customer_298,Female,29
C0299,Customer_299,Male,24
C0300,Customer_300,Female,23
C0301,Customer_301,Male,49
C0302,Customer_302,Female,47
C0303,Customer_303,Male,20
C0304,Customer_304,Male,25
C0305,Customer_305,Female,33
C0306,Customer_306,Male,35
C0307,Customer_307,Female,27
C0308,Customer_308,Female,36
C0309,Customer_309,Male,41
C0310,Customer_310,Male,36
C0311,Customer_311,Female,43
C0312,Customer_312,Male,43
C0313,Customer_313,Male,43
C0314,Customer_314,Male,47
C0315,Customer_315,Male,48
C0316,Customer_316,Male,29
C0317,Customer_317,Male,18
C0318,Customer_318,Female,43
C0319,Customer_319,Male,32
C0320,Customer_320,Female,49
C0321,Customer_321,Female,39
C0322,Customer_322,Female,42
C0323,Customer_323,Female,30
C0324,Customer_324,Male,18
C0325,Customer_325,Female,46
C0326,Customer_326,Male,49
C0327,Customer_327,Male,22
C0328,Customer_328,Female,46
C0329,Customer_329,Male,20
C0330,Customer_330,Female,43
C0331,Customer_331,Female,36
C0332,Customer_332,Male,39
C0333,Customer_333,Male,46
C0334,Customer_334,Female,45
C0335,Customer_335,Male,32
C0336,Customer_336,Male,47
C0337,Customer_337,Female,47
C0338,Customer_338,Female,22
C0339,Customer_339,Female,33
C0340,Customer_340,Female,43
C0341,Customer_341,Female,38
C0342,Customer_342,Male,21
C0343,Customer_343,Male,47
C0344,Customer_344,Female,22
C0345,Customer_345,Male,43
C0346,Customer_346,Female,39
C0347,Customer_347,Male,21
C0348,Customer_348,Female,37
C0349,Customer_349,Male,27
C0350,Customer_350,Female,36
C0351,Customer_351,Female,49
C0352,Customer_352,Male,41
C0353,Customer_353,Male,30
C0354,Customer_354,Female,33
C0355,Customer_355,Female,33
C0356,Customer_356,Male,19
C0357,Customer_357,Male,45
C0358,Customer_358,Female,49
C0359,Customer_359,Male,37
C0360,Customer_360,Female,29
C0361,Customer_361,Female,20
C0362,Customer_362,Female,18
C0363,Customer_363,Male,46
C0364,Customer_364,Male,28
C0365,Customer_365,Male,29
C0366,Customer_366,Male,18
C0367,Customer_367,Male,25
C0368,Customer_368,Female,28
C0369,Customer_369,Female,46
C0370,Customer_370,Male,29
C0371,Customer_371,Male,31
C0372,Customer_372,Female,46
C0373,Customer_373,Male,35
C0374,Customer_374,Male,40
C0375,Customer_375,Male,43
C0376,Customer_376,Female,46
C0377,Customer_377,Female,27
C0378,Customer_378,Female,47
C0379,Customer_379,Female,36
C0380,Customer_380,Male,24
C0381,Customer_381,Female,43
C0382,Customer_382,Male,35
C0383,Customer_383,Male,28
C0384,Customer_384,Male,41
C0385,Customer_385,Female,42
C0386,Customer_386,Male,46
C0387,Customer_387,Male,21
C0388,Customer_388,Female,22
C0389,Customer_389,Male,41
C0390,Customer_390,Female,20
C0391,Customer_391,Male,20
C0392,Customer_392,Female,21
C0393,Customer_393,Female,34
C0394,Customer_394,Male,49
C0395,Customer_395,Female,40
C0396,Customer_396,Female,49
C0397,Customer_397,Male,29
C0398,Customer_398,Male,40
C0399,Customer_399,Male,40
C0400,Customer_400,Male,20
C0401,Customer_401,Male,47
C0402,Customer_402,Male,34
C0403,Customer_403,Female,37
C0404,Customer_404,Female,42
C0405,Customer_405,Female,30
C0406,Customer_406,Male,36
C0407,Customer_407,Male,21
C0408,Customer_408,Female,46
C0409,Customer_409,Male,36
C0410,Customer_410,Female,26
C0411,Customer_411,Male,45
C0412,Customer_412,Female,48
C0413,Customer_413,Female,37
C0414,Customer_414,Male,43
C0415,Customer_415,Male,33
C0416,Customer_416,Male,22
C0417,Customer_417,Male,29
C0418,Customer_418,Male,37
C0419,Customer_419,Male,38
C0420,Customer_420,Female,38
C0421,Customer_421,Male,33
C0422,Customer_422,Male,24
C0423,Customer_423,Male,38
C0424,Customer_424,Female,43
C0425,Customer_425,Male,31
C0426,Customer_426,Male,43
C0427,Customer_427,Male,20
C0428,Customer_428,Male,46
C0429,Customer_429,Male,28
C0430,Customer_430,Female,32
C0431,Customer_431,Female,26
C0432,Customer_432,Female,43
C0433,Customer_433,Female,34
C0434,Customer_434,Male,23
C0435,Customer_435,Male,31
C0436,Customer_436,Male,25
C0437,Customer_437,Female,26
C0438,Customer_438,Female,44
C0439,Customer_439,Female,19
C0440,Customer_440,Male,46
C0441,Customer_441,Male,23
C0442,Customer_442,Male,25
C0443,Customer_443,Female,30
C0444,Customer_444,Male,39
C0445,Customer_445,Female,34
C0446,Customer_446,Male,24
C0447,Customer_447,Male,30
C0448,Customer_448,Female,21
C0449,Customer_449,Female,45
C0450,Customer_450,Male,36
C0451,Customer_451,Male,29
C0452,Customer_452,Female,24
C0453,Customer_453,Male,27
C0454,Customer_454,Female,36
C0455,Customer_455,Male,47
C0456,Customer_456,Male,30
C0457,Customer_457,Male,35
C0458,Customer_458,Female,47
C0459,Customer_459,Female,37
C0460,Customer_460,Female,25
C0461,Customer_461,Male,48
C0462,Customer_462,Male,24
C0463,Customer_463,Male,20
C0464,Customer_464,Male,45
C0465,Customer_465,Female,42
C0466,Customer_466,Male,45
C0467,Customer_467,Male,42
C0468,Customer_468,Female,18
C0469,Customer_469,Female,38
C0470,Customer_470,Female,43
C0471,Customer_471,Female,30
C0472,Customer_472,Female,30
C0473,Customer_473,Male,32
C0474,Customer_474,Male,33
C0475,Customer_475,Female,38
C0476,Customer_476,Male,45
C0477,Customer_477,Male,21
C0478,Customer_478,Male,36
C0479,Customer_479,Female,42
C0480,Customer_480,Female,32
C0481,Customer_481,Male,34
C0482,Customer_482,Female,32
C0483,Customer_483,Male,18
C0484,Customer_484,Male,39
C0485,Customer_485,Female,20
C0486,Customer_486,Female,40
C0487,Customer_487,Male,28
C0488,Customer_488,Female,27
C0489,Customer_489,Female,33
C0490,Customer_490,Female,23
C0491,Customer_491,Female,41
C0492,Customer_492,Female,38
C0493,Customer_493,Female,43
C0494,Customer_494,Female,21
C0495,Customer_495,Female,25
C0496,Customer_496,Female,45
C0497,Customer_497,Female,45
C0498,Customer_498,Female,22
C0499,Customer_499,Male,21
C0500,Customer_500,Female,44
C0501,Customer_501,Female,48
C0502,Customer_502,Male,26
C0503,Customer_503,Male,38
C0504,Customer_504,Female,30
C0505,Customer_505,Female,33
C0506,Customer_506,Male,30
C0507,Customer_507,Female,20
C0508,Customer_508,Male,23
C0509,Customer_509,Female,36
C0510,Customer_510,Female,22
C0511,Customer_511,Male,42
C0512,Customer_512,Female,27
C0513,Customer_513,Female,47
C0514,Customer_514,Female,44
C0515,Customer_515,Male,22
C0516,Customer_516,Male,41
C0517,Customer_517,Male,39
C0518,Customer_518,Male,35
C0519,Customer_519,Female,32
C0520,Customer_520,Male,28
C0521,Customer_521,Male,43
C0522,Customer_522,Male,42
C0523,Customer_523,Female,44
C0524,Customer_524,Male,34
C0525,Customer_525,Male,18
C0526,Customer_526,Female,26
C0527,Customer_527,Male,48
C0528,Customer_528,Male,38
C0529,Customer_529,Female,40
C0530,Customer_530,Female,45
C0531,Customer_531,Male,22
C0532,Customer_532,Male,22
C0533,Customer_533,Female,20
C0534,Customer_534,Male,40
C0535,Customer_535,Male,38
C0536,Customer_536,Male,27
C0537,Customer_537,Female,36
C0538,Customer_538,Male,38
C0539,Customer_539,Female,26
C0540,Customer_540,Female,18
C0541,Customer_541,Male,30
C0542,Customer_542,Male,21
C0543,Customer_543,Female,18
C0544,Customer_544,Male,25
C0545,Customer_545,Female,19
C0546,Customer_546,Female,48
C0547,Customer_547,Female,24
C0548,Customer_548,Female,43
C0549,Customer_549,Female,39
C0550,Customer_550,Female,20
C0551,Customer_551,Male,35
C0552,Customer_552,Female,18
C0553,Customer_553,Female,29
C0554,Customer_554,Male,47
C0555,Customer_555,Female,44
C0556,Customer_556,Male,34
C0557,Customer_557,Female,48
C0558,Customer_558,Male,40
C0559,Customer_559,Male,22
C0560,Customer_560,Male,31
C0561,Customer_561,Female,28
C0562,Customer_562,Male,24
C0563,Customer_563,Female,49
C0564,Customer_564,Female,19
C0565,Customer_565,Female,35
C0566,Customer_566,Female,35
C0567,Customer_567,Female,32
C0568,Customer_568,Male,36
C0569,Customer_569,Male,19
C0570,Customer_570,Female,42
C0571,Customer_571,Female,18
C0572,Customer_572,Female,32
C0573,Customer_573,Female,47
C0574,Customer_574,Male,27
C0575,Customer_575,Male,34
C0576,Customer_576,Male,46
C0577,Customer_577,Female,27
C0578,Customer_578,Female,34
C0579,Customer_579,Female,34
C0580,Customer_580,Female,37
C0581,Customer_581,Female,22
C0582,Customer_582,Female,23
C0583,Customer_583,Male,19
C0584,Customer_584,Male,47
C0585,Customer_585,Male,28
C0586,Customer_586,Female,28
C0587,Customer_587,Male,32
C0588,Customer_588,Male,40
C0589,Customer_589,Male,33
C0590,Customer_590,Male,28
C0591,Customer_591,Female,33
C0592,Customer_592,Female,21
C0593,Customer_593,Female,21
C0594,Customer_594,Female,42
C0595,Customer_595,Male,49
C0596,Customer_596,Male,44
C0597,Customer_597,Male,49
C0598,Customer_598,Female,46
C0599,Customer_599,Female,36
C0600,Customer_600,Male,38
C0601,Customer_601,Male,35
C0602,Customer_602,Female,27
C0603,Customer_603,Male,39
C0604,Customer_604,Male,23
C0605,Customer_605,Male,22
C0606,Customer_606,Male,29
C0607,Customer_607,Female,31
C0608,Customer_608,Female,34
C0609,Customer_609,Female,43
C0610,Customer_610,Male,44
C0611,Customer_611,Male,43
C0612,Customer_612,Male,32
C0613,Customer_613,Male,39
C0614,Customer_614,Male,41
C0615,Customer_615,Female,28
C0616,Customer_616,Male,33
C0617,Customer_617,Male,34
C0618,Customer_618,Female,21
C0619,Customer_619,Male,25
C0620,Customer_620,Male,20
C0621,Customer_621,Male,37
C0622,Customer_622,Male,32
C0623,Customer_623,Male,41
C0624,Customer_624,Female,31
C0625,Customer_625,Female,45
C0626,Customer_626,Male,31
C0627,Customer_627,Female,19
C0628,Customer_628,Male,43
C0629,Customer_629,Female,44
C0630,Customer_630,Female,36
C0631,Customer_631,Male,20
C0632,Customer_632,Male,40
C0633,Customer_633,Female,28
C0634,Customer_634,Male,45
C0635,Customer_635,Male,35
C0636,Customer_636,Female,23
C0637,Customer_637,Male,36
C0638,Customer_638,Male,49
C0639,Customer_639,Male,40
C0640,Customer_640,Male,45
C0641,Customer_641,Female,24
C0642,Customer_642,Male,34
C0643,Customer_643,Male,39
C0644,Customer_644,Female,47
C0645,Customer_645,Female,42
C0646,Customer_646,Male,30
C0647,Customer_647,Female,42
C0648,Customer_648,Female,27
C0649,Customer_649,Male,26
C0650,Customer_650,Male,35
C0651,Customer_651,Male,21
C0652,Customer_652,Male,39
C0653,Customer_653,Female,32
C0654,Customer_654,Female,25
C0655,Customer_655,Male,29
C0656,Customer_656,Male,27
C0657,Customer_657,Male,22
C0658,Customer_658,Female,37
C0659,Customer_659,Female,49
C0660,Customer_660,Female,44
C0661,Customer_661,Female,44
C0662,Customer_662,Male,23
C0663,Customer_663,Male,42
C0664,Customer_664,Male,38
C0665,Customer_665,Female,38
C0666,Customer_666,Female,23
C0667,Customer_667,Male,33
C0668,Customer_668,Female,47
C0669,Customer_669,Male,47
C0670,Customer_670,Female,47
C0671,Customer_671,Male,41
C0672,Customer_672,Male,26
C0673,Customer_673,Male,20
C0674,Customer_674,Male,48
C0675,Customer_675,Female,22
C0676,Customer_676,Female,41
C0677,Customer_677,Male,23
C0678,Customer_678,Female,37
C0679,Customer_679,Female,28
C0680,Customer_680,Female,32
C0681,Customer_681,Female,39
C0682,Customer_682,Male,47
C0683,Customer_683,Female,23
C0684,Customer_684,Male,47
C0685,Customer_685,Male,19
C0686,Customer_686,Male,28
C0687,Customer_687,Female,43
C0688,Customer_688,Male,30
C0689,Customer_689,Female,22
C0690,Customer_690,Female,43
C0691,Customer_691,Female,21
C0692,Customer_692,Male,37
C0693,Customer_693,Male,37
C0694,Customer_694,Male,29
C0695,Customer_695,Male,18
C0696,Customer_696,Female,31
C0697,Customer_697,Female,23
C0698,Customer_698,Male,47
C0699,Customer_699,Male,48
C0700,Customer_700,Female,30
C0701,Customer_701,Male,20
C0702,Customer_702,Male,23
C0703,Customer_703,Female,41
C0704,Customer_704,Female,22
C0705,Customer_705,Male,27
C0706,Customer_706,Female,19
C0707,Customer_707,Male,25
C0708,Customer_708,Female,37
C0709,Customer_709,Male,48
C0710,Customer_710,Male,26
C0711,Customer_711,Male,26
C0712,Customer_712,Male,32
C0713,Customer_713,Female,23
C0714,Customer_714,Male,20
C0715,Customer_715,Female,48
C0716,Customer_716,Male,22
C0717,Customer_717,Female,45
C0718,Customer_718,Female,35
C0719,Customer_719,Female,38
C0720,Customer_720,Female,28
C0721,Customer_721,Male,19
C0722,Customer_722,Female,20
C0723,Customer_723,Male,18
C0724,Customer_724,Female,49
C0725,Customer_725,Female,45
C0726,Customer_726,Female,46
C0727,Customer_727,Female,28
C0728,Customer_728,Male,22
C0729,Customer_729,Female,45
C0730,Customer_730,Female,20
C0731,Customer_731,Male,22
C0732,Customer_732,Male,36
C0733,Customer_733,Male,31
C0734,Customer_734,Female,47
C0735,Customer_735,Female,42
C0736,Customer_736,Male,27
C0737,Customer_737,Male,35
C0738,Customer_738,Female,25
C0739,Customer_739,Male,25
C0740,Customer_740,Female,49
C0741,Customer_741,Male,46
C0742,Customer_742,Female,18
C0743,Customer_743,Male,48
C0744,Customer_744,Male,18
C0745,Customer_745,Male,34
C0746,Customer_746,Male,32
C0747,Customer_747,Male,19
C0748,Customer_748,Female,38
C0749,Customer_749,Female,25
C0750,Customer_750,Male,24
C0751,Customer_751,Male,23
C0752,Customer_752,Female,20
C0753,Customer_753,Male,36
C0754,Customer_754,Female,27
C0755,Customer_755,Female,37
C0756,Customer_756,Male,32
C0757,Customer_757,Male,18
C0758,Customer_758,Female,47
C0759,Customer_759,Male,44
C0760,Customer_760,Female,46
C0761,Customer_761,Female,42
C0762,Customer_762,Male,46
C0763,Customer_763,Male,44
C0764,Customer_764,Male,18
C0765,Customer_765,Female,21
C0766,Customer_766,Female,19
C0767,Customer_767,Female,22
C0768,Customer_768,Male,27
C0769,Customer_769,Male,39
C0770,Customer_770,Female,30
C0771,Customer_771,Male,32
C0772,Customer_772,Female,30
C0773,Customer_773,Female,37
C0774,Customer_774,Female,32
C0775,Customer_775,Male,25
C0776,Customer_776,Male,46
C0777,Customer_777,Male,21
C0778,Customer_778,Female,30
C0779,Customer_779,Female,44
C0780,Customer_780,Male,36
C0781,Customer_781,Male,21
C0782,Customer_782,Female,43
C0783,Customer_783,Male,44
C0784,Customer_784,Male,37
C0785,Customer_785,Male,47
C0786,Customer_786,Female,25
C0787,Customer_787,Female,23
C0788,Customer_788,Female,40
C0789,Customer_789,Male,43
C0790,Customer_790,Female,28
C0791,Customer_791,Female,43
C0792,Customer_792,Male,25
C0793,Customer_793,Female,35
C0794,Customer_794,Male,18
C0795,Customer_795,Male,25
C0796,Customer_796,Female,28
C0797,Customer_797,Female,29
C0798,Customer_798,Female,33
C0799,Customer_799,Female,22
C0800,Customer_800,Female,22
C0801,Customer_801,Female,48
C0802,Customer_802,Female,34
C0803,Customer_803,Female,48
C0804,Customer_804,Female,26
C0805,Customer_805,Female,36
C0806,Customer_806,Male,31
C0807,Customer_807,Female,26
C0808,Customer_808,Female,28
C0809,Customer_809,Male,18
C0810,Customer_810,Female,22
C0811,Customer_811,Male,43
C0812,Customer_812,Female,21
C0813,Customer_813,Female,40
C0814,Customer_814,Male,18
C0815,Customer_815,Male,39
C0816,Customer_816,Male,36
C0817,Customer_817,Female,32
C0818,Customer_818,Male,32
C0819,Customer_819,Male,38
C0820,Customer_820,Male,27
C0821,Customer_821,Female,42
C0822,Customer_822,Male,43
C0823,Customer_823,Male,20
C0824,Customer_824,Male,37
C0825,Customer_825,Male,43
C0826,Customer_826,Male,23
C0827,Customer_827,Female,24
C0828,Customer_828,Female,44
C0829,Customer_829,Female,44
C0830,Customer_830,Male,49
C0831,Customer_831,Male,44
C0832,Customer_832,Female,44
C0833,Customer_833,Male,39
C0834,Customer_834,Female,42
C0835,Customer_835,Male,37
C0836,Customer_836,Female,38
C0837,Customer_837,Female,18
C0838,Customer_838,Male,46
C0839,Customer_839,Male,28
C0840,Customer_840,Female,43
C0841,Customer_841,Female,35
C0842,Customer_842,Male,34
C0843,Customer_843,Male,34
C0844,Customer_844,Female,26
C0845,Customer_845,Male,37
C0846,Customer_846,Female,39
C0847,Customer_847,Female,48
C0848,Customer_848,Male,25
C0849,Customer_849,Male,24
C0850,Customer_850,Male,49
C0851,Customer_851,Male,47
C0852,Customer_852,Male,36
C0853,Customer_853,Male,41
C0854,Customer_854,Male,47
C0855,Customer_855,Female,47
C0856,Customer_856,Male,34
C0857,Customer_857,Male,46
C0858,Customer_858,Female,33
C0859,Customer_859,Female,36
C0860,Customer_860,Female,18
C0861,Customer_861,Female,36
C0862,Customer_862,Male,35
C0863,Customer_863,Female,39
C0864,Customer_864,Female,34
C0865,Customer_865,Female,47
C0866,Customer_866,Female,36
C0867,Customer_867,Male,21
C0868,Customer_868,Male,25
C0869,Customer_869,Male,40
C0870,Customer_870,Male,20
C0871,Customer_871,Female,27
C0872,Customer_872,Female,36
C0873,Customer_873,Female,19
C0874,Customer_874,Female,18
C0875,Customer_875,Male,40
C0876,Customer_876,Female,49
C0877,Customer_877,Female,24
C0878,Customer_878,Male,25
C0879,Customer_879,Male,42
C0880,Customer_880,Male,20
C0881,Customer_881,Female,40
C0882,Customer_882,Male,48
C0883,Customer_883,Male,25
C0884,Customer_884,Female,42
C0885,Customer_885,Male,22
C0886,Customer_886,Male,36
C0887,Customer_887,Male,45
C0888,Customer_888,Male,25
C0889,Customer_889,Female,20
C0890,Customer_890,Female,41
C0891,Customer_891,Female,49
C0892,Customer_892,Female,31
C0893,Customer_893,Male,33
C0894,Customer_894,Female,37
C0895,Customer_895,Male,39
C0896,Customer_896,Male,31
C0897,Customer_897,Male,40
C0898,Customer_898,Female,35
C0899,Customer_899,Male,27
C0900,Customer_900,Male,18
C0901,Customer_901,Male,38
C0902,Customer_902,Male,33
C0903,Customer_903,Male,36
C0904,Customer_904,Female,46
C0905,Customer_905,Female,35
C0906,Customer_906,Female,18
C0907,Customer_907,Male,22
C0908,Customer_908,Female,28
C0909,Customer_909,Female,48
C0910,Customer_910,Female,20
C0911,Customer_911,Male,40
C0912,Customer_912,Female,37
C0913,Customer_913,Male,22
C0914,Customer_914,Female,49
C0915,Customer_915,Female,26
C0916,Customer_916,Female,38
C0917,Customer_917,Female,20
C0918,Customer_918,Female,43
C0919,Customer_919,Female,29
C0920,Customer_920,Female,34
C0921,Customer_921,Female,47
C0922,Customer_922,Female,44
C0923,Customer_923,Female,40
C0924,Customer_924,Female,49
C0925,Customer_925,Male,35
C0926,Customer_926,Male,34
C0927,Customer_927,Female,26
C0928,Customer_928,Female,19
C0929,Customer_929,Male,42
C0930,Customer_930,Male,26
C0931,Customer_931,Female,39
C0932,Customer_932,Male,31
C0933,Customer_933,Female,43
C0934,Customer_934,Female,46
C0935,Customer_935,Male,19
C0936,Customer_936,Male,22
C0937,Customer_937,Male,23
C0938,Customer_938,Female,49
C0939,Customer_939,Male,27
C0940,Customer_940,Female,26
C0941,Customer_941,Female,19
C0942,Customer_942,Male,22
C0943,Customer_943,Male,23
C0944,Customer_944,Female,29
C0945,Customer_945,Male,38
C0946,Customer_946,Female,39
C0947,Customer_947,Male,44
C0948,Customer_948,Male,48
C0949,Customer_949,Female,44
C0950,Customer_950,Female,19
C0951,Customer_951,Female,30
C0952,Customer_952,Male,38
C0953,Customer_953,Male,27
C0954,Customer_954,Male,34
C0955,Customer_955,Female,38
C0956,Customer_956,Female,47
C0957,Customer_957,Female,31
C0958,Customer_958,Female,19
C0959,Customer_959,Female,39
C0960,Customer_960,Male,18
C0961,Customer_961,Male,38
C0962,Customer_962,Female,36
C0963,Customer_963,Female,46
C0964,Customer_964,Male,28
C0965,Customer_965,Female,28
C0966,Customer_966,Female,21
C0967,Customer_967,Male,44
C0968,Customer_968,Male,25
C0969,Customer_969,Male,39
C0970,Customer_970,Female,40
C0971,Customer_971,Male,41
C0972,Customer_972,Female,39
C0973,Customer_973,Male,41
C0974,Customer_974,Male,43
C0975,Customer_975,Female,32
C0976,Customer_976,Female,36
C0977,Customer_977,Male,37
C0978,Customer_978,Male,34
C0979,Customer_979,Female,44
C0980,Customer_980,Male,28
C0981,Customer_981,Female,26
C0982,Customer_982,Female,19
C0983,Customer_983,Male,26
C0984,Customer_984,Male,25
C0985,Customer_985,Male,18
C0986,Customer_986,Male,46
C0987,Customer_987,Male,25
C0988,Customer_988,Female,42
C0989,Customer_989,Male,20
C0990,Customer_990,Male,35
C0991,Customer_991,Male,29
C0992,Customer_992,Female,36
C0993,Customer_993,Female,23
C0994,Customer_994,Female,29
C0995,Customer_995,Male,22
C0996,Customer_996,Female,44
C0997,Customer_997,Male,34
C0998,Customer_998,Male,34
C0999,Customer_999,Female,42
C1000,Customer_1000,Male,34
C1001,Customer_1001,Male,29
C1002,Customer_1002,Female,33
C1003,Customer_1003,Female,36
C1004,Customer_1004,Female,48
C1005,Customer_1005,Male,34
C1006,Customer_1006,Male,22
C1007,Customer_1007,Female,33
C1008,Customer_1008,Female,25
C1009,Customer_1009,Male,35
C1010,Customer_1010,Male,29
C1011,Customer_1011,Male,44
C1012,Customer_1012,Female,26
C1013,Customer_1013,Male,43
C1014,Customer_1014,Male,49
C1015,Customer_1015,Female,33
C1016,Customer_1016,Male,34
C1017,Customer_1017,Male,43
C1018,Customer_1018,Male,39
C1019,Customer_1019,Female,24
C1020,Customer_1020,Female,32
C1021,Customer_1021,Male,24
C1022,Customer_1022,Male,36
C1023,Customer_1023,Female,25
C1024,Customer_1024,Female,44
C1025,Customer_1025,Male,46
C1026,Customer_1026,Female,48
C1027,Customer_1027,Female,37
C1028,Customer_1028,Male,20
C1029,Customer_1029,Female,44
C1030,Customer_1030,Female,24
C1031,Customer_1031,Male,31
C1032,Customer_1032,Male,41
C1033,Customer_1033,Male,29
C1034,Customer_1034,Female,30
C1035,Customer_1035,Female,20
C1036,Customer_1036,Male,28
C1037,Customer_1037,Female,43
C1038,Customer_1038,Male,40
C1039,Customer_1039,Female,24
C1040,Customer_1040,Male,41
C1041,Customer_1041,Male,21
C1042,Customer_1042,Male,39
C1043,Customer_1043,Male,30
C1044,Customer_1044,Female,18
C1045,Customer_1045,Female,30
C1046,Customer_1046,Female,29
C1047,Customer_1047,Female,19
C1048,Customer_1048,Male,20
C1049,Customer_1049,Female,19
C1050,Customer_1050,Female,44
C1051,Customer_1051,Male,30
C1052,Customer_1052,Male,35
C1053,Customer_1053,Female,49
C1054,Customer_1054,Male,44
C1055,Customer_1055,Male,31
C1056,Customer_1056,Female,46
C1057,Customer_1057,Female,34
C1058,Customer_1058,Male,47
C1059,Customer_1059,Male,29
C1060,Customer_1060,Male,33
C1061,Customer_1061,Female,29
C1062,Customer_1062,Male,42
C1063,Customer_1063,Female,47
C1064,Customer_1064,Male,48
C1065,Customer_1065,Male,37
C1066,Customer_1066,Male,18
C1067,Customer_1067,Female,34
C1068,Customer_1068,Male,30
C1069,Customer_1069,Female,41
C1070,Customer_1070,Female,35
C1071,Customer_1071,Female,35
C1072,Customer_1072,Female,22
C1073,Customer_1073,Male,33
C1074,Customer_1074,Male,38
C1075,Customer_1075,Female,32
C1076,Customer_1076,Male,32
C1077,Customer_1077,Male,42
C1078,Customer_1078,Female,21
C1079,Customer_1079,Female,44
C1080,Customer_1080,Female,22
C1081,Customer_1081,Male,22
C1082,Customer_1082,Male,45
C1083,Customer_1083,Female,24
C1084,Customer_1084,Female,48
C1085,Customer_1085,Female,41
C1086,Customer_1086,Male,47
C1087,Customer_1087,Male,19
C1088,Customer_1088,Male,24
C1089,Customer_1089,Female,21
C1090,Customer_1090,Male,25
C1091,Customer_1091,Female,46
C1092,Customer_1092,Male,39
C1093,Customer_1093,Male,36
C1094,Customer_1094,Male,31
C1095,Customer_1095,Female,28
C1096,Customer_1096,Female,42
C1097,Customer_1097,Female,26
C1098,Customer_1098,Male,43
C1099,Customer_1099,Male,41
C1100,Customer_1100,Female,22
C1101,Customer_1101,Male,39
C1102,Customer_1102,Male,40
C1103,Customer_1103,Male,26
C1104,Customer_1104,Male,37
C1105,Customer_1105,Female,34
C1106,Customer_1106,Male,44
C1107,Customer_1107,Female,20
C1108,Customer_1108,Female,35
C1109,Customer_1109,Female,34
C1110,Customer_1110,Female,20
C1111,Customer_1111,Female,20
C1112,Customer_1112,Female,30
C1113,Customer_1113,Female,46
C1114,Customer_1114,Male,42
C1115,Customer_1115,Male,21
C1116,Customer_1116,Female,22
C1117,Customer_1117,Female,28
C1118,Customer_1118,Male,41
C1119,Customer_1119,Male,44
C1120,Customer_1120,Female,46
C1121,Customer_1121,Male,20
C1122,Customer_1122,Male,19
C1123,Customer_1123,Female,27
C1124,Customer_1124,Male,32
C1125,Customer_1125,Female,42
C1126,Customer_1126,Male,28
C1127,Customer_1127,Male,19
C1128,Customer_1128,Female,45
C1129,Customer_1129,Male,23
C1130,Customer_1130,Female,44
C1131,Customer_1131,Male,33
C1132,Customer_1132,Female,35
C1133,Customer_1133,Female,22
C1134,Customer_1134,Female,33
C1135,Customer_1135,Male,45
C1136,Customer_1136,Male,30
C1137,Customer_1137,Male,35
C1138,Customer_1138,Female,30
C1139,Customer_1139,Female,47
C1140,Customer_1140,Male,36
C1141,Customer_1141,Female,20
C1142,Customer_1142,Female,25
C1143,Customer_1143,Female,25
C1144,Customer_1144,Male,30
C1145,Customer_1145,Male,18
C1146,Customer_1146,Female,41
C1147,Customer_1147,Male,33
C1148,Customer_1148,Female,45
C1149,Customer_1149,Male,44
C1150,Customer_1150,Male,33
C1151,Customer_1151,Male,30
C1152,Customer_1152,Male,30
C1153,Customer_1153,Male,38
C1154,Customer_1154,Female,21
C1155,Customer_1155,Male,44
C1156,Customer_1156,Female,45
C1157,Customer_1157,Male,22
C1158,Customer_1158,Male,30
C1159,Customer_1159,Female,42
C1160,Customer_1160,Male,48
C1161,Customer_1161,Male,27
C1162,Customer_1162,Female,49
C1163,Customer_1163,Male,38
C1164,Customer_1164,Female,24
C1165,Customer_1165,Male,35
C1166,Customer_1166,Female,19
C1167,Customer_1167,Female,30
C1168,Customer_1168,Male,29
C1169,Customer_1169,Male,19
C1170,Customer_1170,Female,30
C1171,Customer_1171,Female,44
C1172,Customer_1172,Male,26
C1173,Customer_1173,Male,25
C1174,Customer_1174,Male,19
C1175,Customer_1175,Female,49
C1176,Customer_1176,Female,30
C1177,Customer_1177,Male,33
C1178,Customer_1178,Female,36
C1179,Customer_1179,Female,24
C1180,Customer_1180,Female,26
C1181,Customer_1181,Female,19
C1182,Customer_1182,Male,45
C1183,Customer_1183,Female,32
C1184,Customer_1184,Female,22
C1185,Customer_1185,Male,39
C1186,Customer_1186,Female,37
C1187,Customer_1187,Female,21
C1188,Customer_1188,Female,21
C1189,Customer_1189,Male,49
C1190,Customer_1190,Male,29
C1191,Customer_1191,Female,34
C1192,Customer_1192,Female,39
C1193,Customer_1193,Male,39
C1194,Customer_1194,Female,41
C1195,Customer_1195,Male,35
C1196,Customer_1196,Female,31
C1197,Customer_1197,Female,32
C1198,Customer_1198,Male,29
C1199,Customer_1199,Female,44
C1200,Customer_1200,Male,37
